Symbol,FromDate,TradingHours
A,1900-01-01,000000,040000,213000,235959,040000
AA,1900-01-01,000000,040000,213000,235959,040000
AAL,1900-01-01,000000,040000,213000,235959,040000
AAP,1900-01-01,000000,040000,213000,235959,040000
AAPL,1900-01-01,000000,040000,213000,235959,040000
ABBV,1900-01-01,000000,040000,213000,235959,040000
ABC,1900-01-01,000000,040000,213000,235959,040000
ABT,1900-01-01,000000,040000,213000,235959,040000
ACN,1900-01-01,000000,040000,213000,235959,040000
ADBE,1900-01-01,000000,040000,213000,235959,040000
ADI,1900-01-01,000000,040000,213000,235959,040000
ADM,1900-01-01,000000,040000,213000,235959,040000
ADP,1900-01-01,000000,040000,213000,235959,040000
ADS,1900-01-01,000000,040000,213000,235959,040000
ADSK,1900-01-01,000000,040000,213000,235959,040000
ADT,1900-01-01,000000,040000,213000,235959,040000
AEE,1900-01-01,000000,040000,213000,235959,040000
AEP,1900-01-01,000000,040000,213000,235959,040000
AES,1900-01-01,000000,040000,213000,235959,040000
AET,1900-01-01,000000,040000,213000,235959,040000
AFL,1900-01-01,000000,040000,213000,235959,040000
AGG,1900-01-01,000000,040000,213000,235959,040000
AGN,1900-01-01,000000,040000,213000,235959,040000
AIG,1900-01-01,000000,040000,213000,235959,040000
AIV,1900-01-01,000000,040000,213000,235959,040000
AIZ,1900-01-01,000000,040000,213000,235959,040000
AKAM,1900-01-01,000000,040000,213000,235959,040000
ALL,1900-01-01,000000,040000,213000,235959,040000
ALLE,1900-01-01,000000,040000,213000,235959,040000
ALXN,1900-01-01,000000,040000,213000,235959,040000
AMAT,1900-01-01,000000,040000,213000,235959,040000
AME,1900-01-01,000000,040000,213000,235959,040000
AMG,1900-01-01,000000,040000,213000,235959,040000
AMGN,1900-01-01,000000,040000,213000,235959,040000
AMJ,1900-01-01,000000,040000,213000,235959,040000
AMLP,1900-01-01,000000,040000,213000,235959,040000
AMP,1900-01-01,000000,040000,213000,235959,040000
AMT,1900-01-01,000000,040000,213000,235959,040000
AMZN,1900-01-01,000000,040000,213000,235959,040000
AN,1900-01-01,000000,040000,213000,235959,040000
ANTM,1900-01-01,000000,040000,213000,235959,040000
AON,1900-01-01,000000,040000,213000,235959,040000
APA,1900-01-01,000000,040000,213000,235959,040000
APC,1900-01-01,000000,040000,213000,235959,040000
APD,1900-01-01,000000,040000,213000,235959,040000
APH,1900-01-01,000000,040000,213000,235959,040000
ARG,1900-01-01,000000,040000,213000,235959,040000
ASHR,1900-01-01,000000,040000,213000,235959,040000
ATVI,1900-01-01,000000,040000,213000,235959,040000
AVB,1900-01-01,000000,040000,213000,235959,040000
AVGO,1900-01-01,000000,040000,213000,235959,040000
AVY,1900-01-01,000000,040000,213000,235959,040000
AWK,1900-01-01,000000,040000,213000,235959,040000
AXP,1900-01-01,000000,040000,213000,235959,040000
AZO,1900-01-01,000000,040000,213000,235959,040000
BA,1900-01-01,000000,040000,213000,235959,040000
BABA,1900-01-01,000000,040000,213000,235959,040000
BAC,1900-01-01,000000,040000,213000,235959,040000
BAX,1900-01-01,000000,040000,213000,235959,040000
BBBY,1900-01-01,000000,040000,213000,235959,040000
BBI,1900-01-01,000000,040000,213000,235959,040000
BBT,1900-01-01,000000,040000,213000,235959,040000
BBY,1900-01-01,000000,040000,213000,235959,040000
BCR,1900-01-01,000000,040000,213000,235959,040000
BDX,1900-01-01,000000,040000,213000,235959,040000
BEN,1900-01-01,000000,040000,213000,235959,040000
BF-B,1900-01-01,000000,040000,213000,235959,040000
BHI,1900-01-01,000000,040000,213000,235959,040000
BIDU,1900-01-01,000000,040000,213000,235959,040000
BIIB,1900-01-01,000000,040000,213000,235959,040000
BK,1900-01-01,000000,040000,213000,235959,040000
BKLN,1900-01-01,000000,040000,213000,235959,040000
BLK,1900-01-01,000000,040000,213000,235959,040000
BLL,1900-01-01,000000,040000,213000,235959,040000
BMY,1900-01-01,000000,040000,213000,235959,040000
BND,1900-01-01,000000,040000,213000,235959,040000
BP,1900-01-01,000000,040000,213000,235959,040000
BRK-B,1900-01-01,000000,040000,213000,235959,040000
BSX,1900-01-01,000000,040000,213000,235959,040000
BUD,1900-01-01,000000,040000,213000,235959,040000
BWA,1900-01-01,000000,040000,213000,235959,040000
BXLT,1900-01-01,000000,040000,213000,235959,040000
BXP,1900-01-01,000000,040000,213000,235959,040000
C,1900-01-01,000000,040000,213000,235959,040000
CA,1900-01-01,000000,040000,213000,235959,040000
CAG,1900-01-01,000000,040000,213000,235959,040000
CAH,1900-01-01,000000,040000,213000,235959,040000
CAT,1900-01-01,000000,040000,213000,235959,040000
CB,1900-01-01,000000,040000,213000,235959,040000
CBG,1900-01-01,000000,040000,213000,235959,040000
CBS,1900-01-01,000000,040000,213000,235959,040000
CCE,1900-01-01,000000,040000,213000,235959,040000
CCI,1900-01-01,000000,040000,213000,235959,040000
CCL,1900-01-01,000000,040000,213000,235959,040000
CELG,1900-01-01,000000,040000,213000,235959,040000
CERN,1900-01-01,000000,040000,213000,235959,040000
CEW,1900-01-01,000000,040000,213000,235959,040000
CF,1900-01-01,000000,040000,213000,235959,040000
CFG,1900-01-01,000000,040000,213000,235959,040000
CHD,1900-01-01,000000,040000,213000,235959,040000
CHK,1900-01-01,000000,040000,213000,235959,040000
CHRW,1900-01-01,000000,040000,213000,235959,040000
CI,1900-01-01,000000,040000,213000,235959,040000
CINF,1900-01-01,000000,040000,213000,235959,040000
CL,1900-01-01,000000,040000,213000,235959,040000
CLX,1900-01-01,000000,040000,213000,235959,040000
CMA,1900-01-01,000000,040000,213000,235959,040000
CMB,1900-01-01,000000,040000,213000,235959,040000
CMCSA,1900-01-01,000000,040000,213000,235959,040000
CME,1900-01-01,000000,040000,213000,235959,040000
CMG,1900-01-01,000000,040000,213000,235959,040000
CMI,1900-01-01,000000,040000,213000,235959,040000
CMS,1900-01-01,000000,040000,213000,235959,040000
CNC,1900-01-01,000000,040000,213000,235959,040000
CNP,1900-01-01,000000,040000,213000,235959,040000
CNQ,1900-01-01,000000,040000,213000,235959,040000
COF,1900-01-01,000000,040000,213000,235959,040000
COG,1900-01-01,000000,040000,213000,235959,040000
COH,1900-01-01,000000,040000,213000,235959,040000
COL,1900-01-01,000000,040000,213000,235959,040000
COP,1900-01-01,000000,040000,213000,235959,040000
COST,1900-01-01,000000,040000,213000,235959,040000
CPB,1900-01-01,000000,040000,213000,235959,040000
CPGX,1900-01-01,000000,040000,213000,235959,040000
CRM,1900-01-01,000000,040000,213000,235959,040000
CSCO,1900-01-01,000000,040000,213000,235959,040000
CSRA,1900-01-01,000000,040000,213000,235959,040000
CSX,1900-01-01,000000,040000,213000,235959,040000
CTAS,1900-01-01,000000,040000,213000,235959,040000
CTL,1900-01-01,000000,040000,213000,235959,040000
CTSH,1900-01-01,000000,040000,213000,235959,040000
CTXS,1900-01-01,000000,040000,213000,235959,040000
CVC,1900-01-01,000000,040000,213000,235959,040000
CVS,1900-01-01,000000,040000,213000,235959,040000
CVX,1900-01-01,000000,040000,213000,235959,040000
CWB,1900-01-01,000000,040000,213000,235959,040000
CXO,1900-01-01,000000,040000,213000,235959,040000
D,1900-01-01,000000,040000,213000,235959,040000
DAL,1900-01-01,000000,040000,213000,235959,040000
DBA,1900-01-01,000000,040000,213000,235959,040000
DBB,1900-01-01,000000,040000,213000,235959,040000
DBC,1900-01-01,000000,040000,213000,235959,040000
DBEF,1900-01-01,000000,040000,213000,235959,040000
DBEU,1900-01-01,000000,040000,213000,235959,040000
DD,1900-01-01,000000,040000,213000,235959,040000
DE,1900-01-01,000000,040000,213000,235959,040000
DFS,1900-01-01,000000,040000,213000,235959,040000
DG,1900-01-01,000000,040000,213000,235959,040000
DGX,1900-01-01,000000,040000,213000,235959,040000
DHI,1900-01-01,000000,040000,213000,235959,040000
DHR,1900-01-01,000000,040000,213000,235959,040000
DIA,1900-01-01,000000,040000,213000,235959,040000
DIS,1900-01-01,000000,040000,213000,235959,040000
DISCA,1900-01-01,000000,040000,213000,235959,040000
DISCK,1900-01-01,000000,040000,213000,235959,040000
DLPH,1900-01-01,000000,040000,213000,235959,040000
DLTR,1900-01-01,000000,040000,213000,235959,040000
DNB,1900-01-01,000000,040000,213000,235959,040000
DO,1900-01-01,000000,040000,213000,235959,040000
DOV,1900-01-01,000000,040000,213000,235959,040000
DOW,1900-01-01,000000,040000,213000,235959,040000
DPS,1900-01-01,000000,040000,213000,235959,040000
DRI,1900-01-01,000000,040000,213000,235959,040000
DTE,1900-01-01,000000,040000,213000,235959,040000
DUK,1900-01-01,000000,040000,213000,235959,040000
DVA,1900-01-01,000000,040000,213000,235959,040000
DVN,1900-01-01,000000,040000,213000,235959,040000
DVY,1900-01-01,000000,040000,213000,235959,040000
DXGE,1900-01-01,000000,040000,213000,235959,040000
DXJ,1900-01-01,000000,040000,213000,235959,040000
EA,1900-01-01,000000,040000,213000,235959,040000
EBAY,1900-01-01,000000,040000,213000,235959,040000
ECL,1900-01-01,000000,040000,213000,235959,040000
ED,1900-01-01,000000,040000,213000,235959,040000
EEM,1900-01-01,000000,040000,213000,235959,040000
EFA,1900-01-01,000000,040000,213000,235959,040000
EFX,1900-01-01,000000,040000,213000,235959,040000
EIX,1900-01-01,000000,040000,213000,235959,040000
EL,1900-01-01,000000,040000,213000,235959,040000
EMB,1900-01-01,000000,040000,213000,235959,040000
EMC,1900-01-01,000000,040000,213000,235959,040000
EMN,1900-01-01,000000,040000,213000,235959,040000
EMR,1900-01-01,000000,040000,213000,235959,040000
ENDP,1900-01-01,000000,040000,213000,235959,040000
EOG,1900-01-01,000000,040000,213000,235959,040000
EPI,1900-01-01,000000,040000,213000,235959,040000
EQIX,1900-01-01,000000,040000,213000,235959,040000
EQR,1900-01-01,000000,040000,213000,235959,040000
EQT,1900-01-01,000000,040000,213000,235959,040000
ES,1900-01-01,000000,040000,213000,235959,040000
ESRX,1900-01-01,000000,040000,213000,235959,040000
ESS,1900-01-01,000000,040000,213000,235959,040000
ETFC,1900-01-01,000000,040000,213000,235959,040000
ETN,1900-01-01,000000,040000,213000,235959,040000
ETR,1900-01-01,000000,040000,213000,235959,040000
EW,1900-01-01,000000,040000,213000,235959,040000
EWA,1900-01-01,000000,040000,213000,235959,040000
EWC,1900-01-01,000000,040000,213000,235959,040000
EWG,1900-01-01,000000,040000,213000,235959,040000
EWH,1900-01-01,000000,040000,213000,235959,040000
EWI,1900-01-01,000000,040000,213000,235959,040000
EWJ,1900-01-01,000000,040000,213000,235959,040000
EWL,1900-01-01,000000,040000,213000,235959,040000
EWP,1900-01-01,000000,040000,213000,235959,040000
EWQ,1900-01-01,000000,040000,213000,235959,040000
EWS,1900-01-01,000000,040000,213000,235959,040000
EWT,1900-01-01,000000,040000,213000,235959,040000
EWU,1900-01-01,000000,040000,213000,235959,040000
EWW,1900-01-01,000000,040000,213000,235959,040000
EWY,1900-01-01,000000,040000,213000,235959,040000
EWZ,1900-01-01,000000,040000,213000,235959,040000
EXC,1900-01-01,000000,040000,213000,235959,040000
EXPD,1900-01-01,000000,040000,213000,235959,040000
EXPE,1900-01-01,000000,040000,213000,235959,040000
EXR,1900-01-01,000000,040000,213000,235959,040000
EZU,1900-01-01,000000,040000,213000,235959,040000
F,1900-01-01,000000,040000,213000,235959,040000
FAST,1900-01-01,000000,040000,213000,235959,040000
FB,1900-01-01,000000,040000,213000,235959,040000
FBT,1900-01-01,000000,040000,213000,235959,040000
FCX,1900-01-01,000000,040000,213000,235959,040000
FDN,1900-01-01,000000,040000,213000,235959,040000
FDX,1900-01-01,000000,040000,213000,235959,040000
FE,1900-01-01,000000,040000,213000,235959,040000
FEZ,1900-01-01,000000,040000,213000,235959,040000
FFIV,1900-01-01,000000,040000,213000,235959,040000
FIS,1900-01-01,000000,040000,213000,235959,040000
FISV,1900-01-01,000000,040000,213000,235959,040000
FITB,1900-01-01,000000,040000,213000,235959,040000
FL,1900-01-01,000000,040000,213000,235959,040000
FLIR,1900-01-01,000000,040000,213000,235959,040000
FLR,1900-01-01,000000,040000,213000,235959,040000
FLS,1900-01-01,000000,040000,213000,235959,040000
FMC,1900-01-01,000000,040000,213000,235959,040000
FOX,1900-01-01,000000,040000,213000,235959,040000
FOXA,1900-01-01,000000,040000,213000,235959,040000
FRT,1900-01-01,000000,040000,213000,235959,040000
FSLR,1900-01-01,000000,040000,213000,235959,040000
FTI,1900-01-01,000000,040000,213000,235959,040000
FTR,1900-01-01,000000,040000,213000,235959,040000
FXA,1900-01-01,000000,040000,213000,235959,040000
FXB,1900-01-01,000000,040000,213000,235959,040000
FXC,1900-01-01,000000,040000,213000,235959,040000
FXE,1900-01-01,000000,040000,213000,235959,040000
FXF,1900-01-01,000000,040000,213000,235959,040000
FXI,1900-01-01,000000,040000,213000,235959,040000
FXY,1900-01-01,000000,040000,213000,235959,040000
GAS,1900-01-01,000000,040000,213000,235959,040000
GD,1900-01-01,000000,040000,213000,235959,040000
GDX,1900-01-01,000000,040000,213000,235959,040000
GDXJ,1900-01-01,000000,040000,213000,235959,040000
GE,1900-01-01,000000,040000,213000,235959,040000
GGP,1900-01-01,000000,040000,213000,235959,040000
GILD,1900-01-01,000000,040000,213000,235959,040000
GIS,1900-01-01,000000,040000,213000,235959,040000
GLD,1900-01-01,000000,040000,213000,235959,040000
GLDX,1900-01-01,000000,040000,213000,235959,040000
GLW,1900-01-01,000000,040000,213000,235959,040000
GM,1900-01-01,000000,040000,213000,235959,040000
GMCR,1900-01-01,000000,040000,213000,235959,040000
GME,1900-01-01,000000,040000,213000,235959,040000
GOOG,1900-01-01,000000,040000,213000,235959,040000
GOOGL,1900-01-01,000000,040000,213000,235959,040000
GPC,1900-01-01,000000,040000,213000,235959,040000
GPS,1900-01-01,000000,040000,213000,235959,040000
GRMN,1900-01-01,000000,040000,213000,235959,040000
GS,1900-01-01,000000,040000,213000,235959,040000
GT,1900-01-01,000000,040000,213000,235959,040000
GWW,1900-01-01,000000,040000,213000,235959,040000
HAL,1900-01-01,000000,040000,213000,235959,040000
HAR,1900-01-01,000000,040000,213000,235959,040000
HAS,1900-01-01,000000,040000,213000,235959,040000
HBAN,1900-01-01,000000,040000,213000,235959,040000
HBI,1900-01-01,000000,040000,213000,235959,040000
HCA,1900-01-01,000000,040000,213000,235959,040000
HCN,1900-01-01,000000,040000,213000,235959,040000
HCP,1900-01-01,000000,040000,213000,235959,040000
HD,1900-01-01,000000,040000,213000,235959,040000
HEDJ,1900-01-01,000000,040000,213000,235959,040000
HES,1900-01-01,000000,040000,213000,235959,040000
HEWJ,1900-01-01,000000,040000,213000,235959,040000
HIG,1900-01-01,000000,040000,213000,235959,040000
HOG,1900-01-01,000000,040000,213000,235959,040000
HOLX,1900-01-01,000000,040000,213000,235959,040000
HON,1900-01-01,000000,040000,213000,235959,040000
HOT,1900-01-01,000000,040000,213000,235959,040000
HP,1900-01-01,000000,040000,213000,235959,040000
HPE,1900-01-01,000000,040000,213000,235959,040000
HPQ,1900-01-01,000000,040000,213000,235959,040000
HRB,1900-01-01,000000,040000,213000,235959,040000
HRL,1900-01-01,000000,040000,213000,235959,040000
HRS,1900-01-01,000000,040000,213000,235959,040000
HSIC,1900-01-01,000000,040000,213000,235959,040000
HST,1900-01-01,000000,040000,213000,235959,040000
HSY,1900-01-01,000000,040000,213000,235959,040000
HUM,1900-01-01,000000,040000,213000,235959,040000
HYG,1900-01-01,000000,040000,213000,235959,040000
IAU,1900-01-01,000000,040000,213000,235959,040000
IBB,1900-01-01,000000,040000,213000,235959,040000
IBM,1900-01-01,000000,040000,213000,235959,040000
ICE,1900-01-01,000000,040000,213000,235959,040000
IEMG,1900-01-01,000000,040000,213000,235959,040000
IFF,1900-01-01,000000,040000,213000,235959,040000
IHE,1900-01-01,000000,040000,213000,235959,040000
IJR,1900-01-01,000000,040000,213000,235959,040000
ILMN,1900-01-01,000000,040000,213000,235959,040000
INDA,1900-01-01,000000,040000,213000,235959,040000
INTC,1900-01-01,000000,040000,213000,235959,040000
INTU,1900-01-01,000000,040000,213000,235959,040000
IP,1900-01-01,000000,040000,213000,235959,040000
IPG,1900-01-01,000000,040000,213000,235959,040000
IR,1900-01-01,000000,040000,213000,235959,040000
IRM,1900-01-01,000000,040000,213000,235959,040000
ISRG,1900-01-01,000000,040000,213000,235959,040000
ITA,1900-01-01,000000,040000,213000,235959,040000
ITB,1900-01-01,000000,040000,213000,235959,040000
ITW,1900-01-01,000000,040000,213000,235959,040000
SDS,1900-01-01,000000,040000,213000,235959,040000
SQQQ,1900-01-01,000000,040000,213000,235959,040000
EZA,1900-01-01,000000,040000,213000,235959,040000
IVV,1900-01-01,000000,040000,213000,235959,040000
IVZ,1900-01-01,000000,040000,213000,235959,040000
IWM,1900-01-01,000000,040000,213000,235959,040000
IWV,1900-01-01,000000,040000,213000,235959,040000
IYC,1900-01-01,000000,040000,213000,235959,040000
IYF,1900-01-01,000000,040000,213000,235959,040000
IYH,1900-01-01,000000,040000,213000,235959,040000
IYJ,1900-01-01,000000,040000,213000,235959,040000
IYK,1900-01-01,000000,040000,213000,235959,040000
IYM,1900-01-01,000000,040000,213000,235959,040000
IYR,1900-01-01,000000,040000,213000,235959,040000
IYT,1900-01-01,000000,040000,213000,235959,040000
JBHT,1900-01-01,000000,040000,213000,235959,040000
JCI,1900-01-01,000000,040000,213000,235959,040000
JEC,1900-01-01,000000,040000,213000,235959,040000
JNJ,1900-01-01,000000,040000,213000,235959,040000
JNK,1900-01-01,000000,040000,213000,235959,040000
JNPR,1900-01-01,000000,040000,213000,235959,040000
JPM,1900-01-01,000000,040000,213000,235959,040000
JWN,1900-01-01,000000,040000,213000,235959,040000
K,1900-01-01,000000,040000,213000,235959,040000
KBE,1900-01-01,000000,040000,213000,235959,040000
KEY,1900-01-01,000000,040000,213000,235959,040000
KHC,1900-01-01,000000,040000,213000,235959,040000
KIM,1900-01-01,000000,040000,213000,235959,040000
KLAC,1900-01-01,000000,040000,213000,235959,040000
KMB,1900-01-01,000000,040000,213000,235959,040000
KMI,1900-01-01,000000,040000,213000,235959,040000
KMX,1900-01-01,000000,040000,213000,235959,040000
KO,1900-01-01,000000,040000,213000,235959,040000
KORS,1900-01-01,000000,040000,213000,235959,040000
KR,1900-01-01,000000,040000,213000,235959,040000
KRE,1900-01-01,000000,040000,213000,235959,040000
KSS,1900-01-01,000000,040000,213000,235959,040000
KSU,1900-01-01,000000,040000,213000,235959,040000
L,1900-01-01,000000,040000,213000,235959,040000
LB,1900-01-01,000000,040000,213000,235959,040000
LEG,1900-01-01,000000,040000,213000,235959,040000
LEN,1900-01-01,000000,040000,213000,235959,040000
LH,1900-01-01,000000,040000,213000,235959,040000
LLL,1900-01-01,000000,040000,213000,235959,040000
LLTC,1900-01-01,000000,040000,213000,235959,040000
LLY,1900-01-01,000000,040000,213000,235959,040000
LM,1900-01-01,000000,040000,213000,235959,040000
LMT,1900-01-01,000000,040000,213000,235959,040000
LNC,1900-01-01,000000,040000,213000,235959,040000
LOW,1900-01-01,000000,040000,213000,235959,040000
LQD,1900-01-01,000000,040000,213000,235959,040000
LRCX,1900-01-01,000000,040000,213000,235959,040000
LUK,1900-01-01,000000,040000,213000,235959,040000
LUV,1900-01-01,000000,040000,213000,235959,040000
LVLT,1900-01-01,000000,040000,213000,235959,040000
LYB,1900-01-01,000000,040000,213000,235959,040000
M,1900-01-01,000000,040000,213000,235959,040000
MA,1900-01-01,000000,040000,213000,235959,040000
MAC,1900-01-01,000000,040000,213000,235959,040000
MAR,1900-01-01,000000,040000,213000,235959,040000
MAS,1900-01-01,000000,040000,213000,235959,040000
MAT,1900-01-01,000000,040000,213000,235959,040000
MBB,1900-01-01,000000,040000,213000,235959,040000
MCD,1900-01-01,000000,040000,213000,235959,040000
MCHP,1900-01-01,000000,040000,213000,235959,040000
MCK,1900-01-01,000000,040000,213000,235959,040000
MCO,1900-01-01,000000,040000,213000,235959,040000
MDLZ,1900-01-01,000000,040000,213000,235959,040000
MDT,1900-01-01,000000,040000,213000,235959,040000
MDY,1900-01-01,000000,040000,213000,235959,040000
MET,1900-01-01,000000,040000,213000,235959,040000
MHFI,1900-01-01,000000,040000,213000,235959,040000
MHK,1900-01-01,000000,040000,213000,235959,040000
MJN,1900-01-01,000000,040000,213000,235959,040000
MKC,1900-01-01,000000,040000,213000,235959,040000
MLM,1900-01-01,000000,040000,213000,235959,040000
MMC,1900-01-01,000000,040000,213000,235959,040000
MMM,1900-01-01,000000,040000,213000,235959,040000
MNK,1900-01-01,000000,040000,213000,235959,040000
MNST,1900-01-01,000000,040000,213000,235959,040000
MO,1900-01-01,000000,040000,213000,235959,040000
MON,1900-01-01,000000,040000,213000,235959,040000
MOS,1900-01-01,000000,040000,213000,235959,040000
MPC,1900-01-01,000000,040000,213000,235959,040000
MRK,1900-01-01,000000,040000,213000,235959,040000
MRO,1900-01-01,000000,040000,213000,235959,040000
MS,1900-01-01,000000,040000,213000,235959,040000
MSFT,1900-01-01,000000,040000,213000,235959,040000
MSI,1900-01-01,000000,040000,213000,235959,040000
MTB,1900-01-01,000000,040000,213000,235959,040000
MU,1900-01-01,000000,040000,213000,235959,040000
MUR,1900-01-01,000000,040000,213000,235959,040000
MWD,1900-01-01,000000,040000,213000,235959,040000
MYL,1900-01-01,000000,040000,213000,235959,040000
NAVI,1900-01-01,000000,040000,213000,235959,040000
NBL,1900-01-01,000000,040000,213000,235959,040000
NDAQ,1900-01-01,000000,040000,213000,235959,040000
NEE,1900-01-01,000000,040000,213000,235959,040000
NEM,1900-01-01,000000,040000,213000,235959,040000
NFLX,1900-01-01,000000,040000,213000,235959,040000
NFX,1900-01-01,000000,040000,213000,235959,040000
NI,1900-01-01,000000,040000,213000,235959,040000
NKE,1900-01-01,000000,040000,213000,235959,040000
NLSN,1900-01-01,000000,040000,213000,235959,040000
NOC,1900-01-01,000000,040000,213000,235959,040000
NOV,1900-01-01,000000,040000,213000,235959,040000
NRG,1900-01-01,000000,040000,213000,235959,040000
NSC,1900-01-01,000000,040000,213000,235959,040000
NTAP,1900-01-01,000000,040000,213000,235959,040000
NTRS,1900-01-01,000000,040000,213000,235959,040000
NUE,1900-01-01,000000,040000,213000,235959,040000
NVDA,1900-01-01,000000,040000,213000,235959,040000
NVS,1900-01-01,000000,040000,213000,235959,040000
NWL,1900-01-01,000000,040000,213000,235959,040000
NWS,1900-01-01,000000,040000,213000,235959,040000
NWSA,1900-01-01,000000,040000,213000,235959,040000
NXPI,1900-01-01,000000,040000,213000,235959,040000
O,1900-01-01,000000,040000,213000,235959,040000
OI,1900-01-01,000000,040000,213000,235959,040000
OIH,1900-01-01,000000,040000,213000,235959,040000
OIL,1900-01-01,000000,040000,213000,235959,040000
OKE,1900-01-01,000000,040000,213000,235959,040000
OMC,1900-01-01,000000,040000,213000,235959,040000
ORCL,1900-01-01,000000,040000,213000,235959,040000
ORLY,1900-01-01,000000,040000,213000,235959,040000
OXY,1900-01-01,000000,040000,213000,235959,040000
PAYX,1900-01-01,000000,040000,213000,235959,040000
PBCT,1900-01-01,000000,040000,213000,235959,040000
PBI,1900-01-01,000000,040000,213000,235959,040000
PCAR,1900-01-01,000000,040000,213000,235959,040000
PCG,1900-01-01,000000,040000,213000,235959,040000
PCLN,1900-01-01,000000,040000,213000,235959,040000
PCY,1900-01-01,000000,040000,213000,235959,040000
PDCO,1900-01-01,000000,040000,213000,235959,040000
PEG,1900-01-01,000000,040000,213000,235959,040000
PEP,1900-01-01,000000,040000,213000,235959,040000
PER,1900-01-01,000000,040000,213000,235959,040000
PFE,1900-01-01,000000,040000,213000,235959,040000
PFF,1900-01-01,000000,040000,213000,235959,040000
PFG,1900-01-01,000000,040000,213000,235959,040000
PG,1900-01-01,000000,040000,213000,235959,040000
PGR,1900-01-01,000000,040000,213000,235959,040000
PH,1900-01-01,000000,040000,213000,235959,040000
PHM,1900-01-01,000000,040000,213000,235959,040000
PKI,1900-01-01,000000,040000,213000,235959,040000
PLD,1900-01-01,000000,040000,213000,235959,040000
PM,1900-01-01,000000,040000,213000,235959,040000
PNC,1900-01-01,000000,040000,213000,235959,040000
PNR,1900-01-01,000000,040000,213000,235959,040000
PNW,1900-01-01,000000,040000,213000,235959,040000
PPG,1900-01-01,000000,040000,213000,235959,040000
PPL,1900-01-01,000000,040000,213000,235959,040000
PRGO,1900-01-01,000000,040000,213000,235959,040000
PRU,1900-01-01,000000,040000,213000,235959,040000
PSA,1900-01-01,000000,040000,213000,235959,040000
PSX,1900-01-01,000000,040000,213000,235959,040000
PVH,1900-01-01,000000,040000,213000,235959,040000
PWR,1900-01-01,000000,040000,213000,235959,040000
PX,1900-01-01,000000,040000,213000,235959,040000
PXD,1900-01-01,000000,040000,213000,235959,040000
PYPL,1900-01-01,000000,040000,213000,235959,040000
MUB,1900-01-01,000000,040000,213000,235959,040000
SH,1900-01-01,000000,040000,213000,235959,040000
PSQ,1900-01-01,000000,040000,213000,235959,040000
QID,1900-01-01,000000,040000,213000,235959,040000
RWM,1900-01-01,000000,040000,213000,235959,040000
QCOM,1900-01-01,000000,040000,213000,235959,040000
QQQ,1900-01-01,000000,040000,213000,235959,040000
QRVO,1900-01-01,000000,040000,213000,235959,040000
R,1900-01-01,000000,040000,213000,235959,040000
RAI,1900-01-01,000000,040000,213000,235959,040000
RCL,1900-01-01,000000,040000,213000,235959,040000
RDSa,1900-01-01,000000,040000,213000,235959,040000
REGN,1900-01-01,000000,040000,213000,235959,040000
RF,1900-01-01,000000,040000,213000,235959,040000
RHI,1900-01-01,000000,040000,213000,235959,040000
RHT,1900-01-01,000000,040000,213000,235959,040000
RIG,1900-01-01,000000,040000,213000,235959,040000
RL,1900-01-01,000000,040000,213000,235959,040000
ROK,1900-01-01,000000,040000,213000,235959,040000
ROP,1900-01-01,000000,040000,213000,235959,040000
ROST,1900-01-01,000000,040000,213000,235959,040000
RRC,1900-01-01,000000,040000,213000,235959,040000
RSG,1900-01-01,000000,040000,213000,235959,040000
RSX,1900-01-01,000000,040000,213000,235959,040000
RTN,1900-01-01,000000,040000,213000,235959,040000
SBUX,1900-01-01,000000,040000,213000,235959,040000
SCG,1900-01-01,000000,040000,213000,235959,040000
SCHW,1900-01-01,000000,040000,213000,235959,040000
SE,1900-01-01,000000,040000,213000,235959,040000
SEE,1900-01-01,000000,040000,213000,235959,040000
SHW,1900-01-01,000000,040000,213000,235959,040000
SHY,1900-01-01,000000,040000,213000,235959,040000
SIG,1900-01-01,000000,040000,213000,235959,040000
SJM,1900-01-01,000000,040000,213000,235959,040000
SLB,1900-01-01,000000,040000,213000,235959,040000
SLG,1900-01-01,000000,040000,213000,235959,040000
SLV,1900-01-01,000000,040000,213000,235959,040000
SMH,1900-01-01,000000,040000,213000,235959,040000
SNA,1900-01-01,000000,040000,213000,235959,040000
SNDK,1900-01-01,000000,040000,213000,235959,040000
SNI,1900-01-01,000000,040000,213000,235959,040000
SO,1900-01-01,000000,040000,213000,235959,040000
SPG,1900-01-01,000000,040000,213000,235959,040000
SPLS,1900-01-01,000000,040000,213000,235959,040000
SPY,1900-01-01,000000,040000,213000,235959,040000
SRCL,1900-01-01,000000,040000,213000,235959,040000
SRE,1900-01-01,000000,040000,213000,235959,040000
STI,1900-01-01,000000,040000,213000,235959,040000
STJ,1900-01-01,000000,040000,213000,235959,040000
STT,1900-01-01,000000,040000,213000,235959,040000
STX,1900-01-01,000000,040000,213000,235959,040000
STZ,1900-01-01,000000,040000,213000,235959,040000
SWK,1900-01-01,000000,040000,213000,235959,040000
SWKS,1900-01-01,000000,040000,213000,235959,040000
SWN,1900-01-01,000000,040000,213000,235959,040000
SYF,1900-01-01,000000,040000,213000,235959,040000
SYK,1900-01-01,000000,040000,213000,235959,040000
SYMC,1900-01-01,000000,040000,213000,235959,040000
SYY,1900-01-01,000000,040000,213000,235959,040000
T,1900-01-01,000000,040000,213000,235959,040000
TAP,1900-01-01,000000,040000,213000,235959,040000
TBT,1900-01-01,000000,040000,213000,235959,040000
TDC,1900-01-01,000000,040000,213000,235959,040000
TE,1900-01-01,000000,040000,213000,235959,040000
TEL,1900-01-01,000000,040000,213000,235959,040000
TGNA,1900-01-01,000000,040000,213000,235959,040000
TGT,1900-01-01,000000,040000,213000,235959,040000
THC,1900-01-01,000000,040000,213000,235959,040000
TIF,1900-01-01,000000,040000,213000,235959,040000
TIP,1900-01-01,000000,040000,213000,235959,040000
TJX,1900-01-01,000000,040000,213000,235959,040000
TLH,1900-01-01,000000,040000,213000,235959,040000
TLT,1900-01-01,000000,040000,213000,235959,040000
TM,1900-01-01,000000,040000,213000,235959,040000
TMK,1900-01-01,000000,040000,213000,235959,040000
TMO,1900-01-01,000000,040000,213000,235959,040000
TOT,1900-01-01,000000,040000,213000,235959,040000
TRIP,1900-01-01,000000,040000,213000,235959,040000
TROW,1900-01-01,000000,040000,213000,235959,040000
TRV,1900-01-01,000000,040000,213000,235959,040000
TSCO,1900-01-01,000000,040000,213000,235959,040000
TSLA,1900-01-01,000000,040000,213000,235959,040000
TSN,1900-01-01,000000,040000,213000,235959,040000
TSO,1900-01-01,000000,040000,213000,235959,040000
TSS,1900-01-01,000000,040000,213000,235959,040000
TWC,1900-01-01,000000,040000,213000,235959,040000
TWX,1900-01-01,000000,040000,213000,235959,040000
TXN,1900-01-01,000000,040000,213000,235959,040000
TXT,1900-01-01,000000,040000,213000,235959,040000
TYC,1900-01-01,000000,040000,213000,235959,040000
UA,1900-01-01,000000,040000,213000,235959,040000
UAL,1900-01-01,000000,040000,213000,235959,040000
UDR,1900-01-01,000000,040000,213000,235959,040000
UHS,1900-01-01,000000,040000,213000,235959,040000
UNG,1900-01-01,000000,040000,213000,235959,040000
UNH,1900-01-01,000000,040000,213000,235959,040000
UNM,1900-01-01,000000,040000,213000,235959,040000
UNP,1900-01-01,000000,040000,213000,235959,040000
UPS,1900-01-01,000000,040000,213000,235959,040000
URBN,1900-01-01,000000,040000,213000,235959,040000
URI,1900-01-01,000000,040000,213000,235959,040000
USB,1900-01-01,000000,040000,213000,235959,040000
USO,1900-01-01,000000,040000,213000,235959,040000
UTX,1900-01-01,000000,040000,213000,235959,040000
UUP,1900-01-01,000000,040000,213000,235959,040000
UVXY,1900-01-01,000000,040000,213000,235959,040000
V,1900-01-01,000000,040000,213000,235959,040000
VAR,1900-01-01,000000,040000,213000,235959,040000
VEA,1900-01-01,000000,040000,213000,235959,040000
VFC,1900-01-01,000000,040000,213000,235959,040000
VGK,1900-01-01,000000,040000,213000,235959,040000
VIAB,1900-01-01,000000,040000,213000,235959,040000
VLO,1900-01-01,000000,040000,213000,235959,040000
VMC,1900-01-01,000000,040000,213000,235959,040000
VNO,1900-01-01,000000,040000,213000,235959,040000
VNQ,1900-01-01,000000,040000,213000,235959,040000
VRSK,1900-01-01,000000,040000,213000,235959,040000
VRSN,1900-01-01,000000,040000,213000,235959,040000
VRTX,1900-01-01,000000,040000,213000,235959,040000
VRX,1900-01-01,000000,040000,213000,235959,040000
VTI,1900-01-01,000000,040000,213000,235959,040000
VTR,1900-01-01,000000,040000,213000,235959,040000
VWO,1900-01-01,000000,040000,213000,235959,040000
VXX,1900-01-01,000000,040000,213000,235959,040000
VXZ,1900-01-01,000000,040000,213000,235959,040000
VYM,1900-01-01,000000,040000,213000,235959,040000
VZ,1900-01-01,000000,040000,213000,235959,040000
WAT,1900-01-01,000000,040000,213000,235959,040000
WBA,1900-01-01,000000,040000,213000,235959,040000
WDC,1900-01-01,000000,040000,213000,235959,040000
WEC,1900-01-01,000000,040000,213000,235959,040000
WFC,1900-01-01,000000,040000,213000,235959,040000
WFM,1900-01-01,000000,040000,213000,235959,040000
WHR,1900-01-01,000000,040000,213000,235959,040000
WLTW,1900-01-01,000000,040000,213000,235959,040000
WM,1900-01-01,000000,040000,213000,235959,040000
WMB,1900-01-01,000000,040000,213000,235959,040000
WMT,1900-01-01,000000,040000,213000,235959,040000
WRK,1900-01-01,000000,040000,213000,235959,040000
WU,1900-01-01,000000,040000,213000,235959,040000
WY,1900-01-01,000000,040000,213000,235959,040000
WYN,1900-01-01,000000,040000,213000,235959,040000
WYNN,1900-01-01,000000,040000,213000,235959,040000
XEC,1900-01-01,000000,040000,213000,235959,040000
XEL,1900-01-01,000000,040000,213000,235959,040000
XHB,1900-01-01,000000,040000,213000,235959,040000
XIV,1900-01-01,000000,040000,213000,235959,040000
XL,1900-01-01,000000,040000,213000,235959,040000
XLB,1900-01-01,000000,040000,213000,235959,040000
XLE,1900-01-01,000000,040000,213000,235959,040000
XLF,1900-01-01,000000,040000,213000,235959,040000
XLI,1900-01-01,000000,040000,213000,235959,040000
XLK,1900-01-01,000000,040000,213000,235959,040000
XLNX,1900-01-01,000000,040000,213000,235959,040000
XLP,1900-01-01,000000,040000,213000,235959,040000
XLU,1900-01-01,000000,040000,213000,235959,040000
XLV,1900-01-01,000000,040000,213000,235959,040000
XLY,1900-01-01,000000,040000,213000,235959,040000
XME,1900-01-01,000000,040000,213000,235959,040000
XOM,1900-01-01,000000,040000,213000,235959,040000
XOP,1900-01-01,000000,040000,213000,235959,040000
XRAY,1900-01-01,000000,040000,213000,235959,040000
XRT,1900-01-01,000000,040000,213000,235959,040000
XRX,1900-01-01,000000,040000,213000,235959,040000
XYL,1900-01-01,000000,040000,213000,235959,040000
YHOO,1900-01-01,000000,040000,213000,235959,040000
YUM,1900-01-01,000000,040000,213000,235959,040000
ZBH,1900-01-01,000000,040000,213000,235959,040000
ZION,1900-01-01,000000,040000,213000,235959,040000
ZTS,1900-01-01,000000,040000,213000,235959,040000
INDU,1900-01-01,000000,040000,213000,235959,040000
